{
    "loss": 0.687713086605072,
    "accuracy": 0.4166666567325592
}